,Name of File,Vehicleregistrationplatebymodel
0,DataTest1.png,B
1,DataTest2.png,B
2,DataTest3.png,B
3,DataTest4.png,B
4,DataTest5.png,B
5,DataTest6.png,B
6,DataTest7.png,B
7,DataTest8.png,B
8,DataTest9.png,B
9,DataTest10.png,B
10,DataTest11.png,B
11,DataTest12.png,B
12,DataTest13.png,BD
13,DataTest14.png,B
14,DataTest15.png,B
15,DataTest16.png,B0B
16,DataTest17.png,B
17,DataTest18.png,B
18,DataTest19.png,B
19,DataTest20.png,B
20,DataTest21.png,BQ
21,DataTest22.png,B
22,DataTest23.png,B
23,DataTest24.png,B0B
24,DataTest25.png,B
25,DataTest26.png,B
26,DataTest27.png,BXB
27,DataTest28.png,B
28,DataTest29.png,B
29,DataTest30.png,B
30,DataTest31.png,B
31,DataTest32.png,B
32,DataTest33.png,BQ
33,DataTest34.png,B
34,DataTest35.png,BD
35,DataTest36.png,BEB
36,DataTest37.png,B
37,DataTest38.png,BQB
38,DataTest39.png,B
39,DataTest40.png,B
40,DataTest41.png,BEB
41,DataTest42.png,B
42,DataTest43.png,B
43,DataTest44.png,B
44,DataTest45.png,B0B
45,DataTest46.png,B
46,DataTest47.png,B0B
47,DataTest48.png,B
48,DataTest49.png,BXB
49,DataTest50.png,B
50,DataTest51.png,B
51,DataTest52.png,BEB
52,DataTest53.png,B
53,DataTest54.png,B
54,DataTest55.png,BQB
55,DataTest56.png,B
56,DataTest57.png,BXBXBXBXB
57,DataTest58.png,B
58,DataTest59.png,B
59,DataTest60.png,B
60,DataTest61.png,B
61,DataTest62.png,B
62,DataTest63.png,BDB
63,DataTest64.png,B
64,DataTest65.png,B
65,DataTest66.png,B
66,DataTest67.png,BEB
67,DataTest68.png,B
68,DataTest69.png,B
69,DataTest70.png,B
70,DataTest71.png,B
71,DataTest72.png,B
72,DataTest73.png,B
73,DataTest74.png,B
74,DataTest75.png,B
75,DataTest76.png,B
76,DataTest77.png,BXBXBXBXB
77,DataTest78.png,B
78,DataTest79.png,B
79,DataTest80.png,B
80,DataTest81.png,B
81,DataTest82.png,B
82,DataTest83.png,B
83,DataTest84.png,B
84,DataTest85.png,B
85,DataTest86.png,B
86,DataTest87.png,B
87,DataTest88.png,BXBQ
88,DataTest89.png,B
89,DataTest90.png,B
90,DataTest91.png,B
91,DataTest92.png,B
92,DataTest93.png,B
93,DataTest94.png,B
94,DataTest95.png,B
95,DataTest96.png,B
96,DataTest97.png,B
97,DataTest98.png,B
98,DataTest99.png,B
99,DataTest100.png,B
